name,category,subcategory,description,price,stock,image
"Hot Review! Shoes For Men",footwear,athletic,"Sleek design suitable for everyday wear and special occasions.",14156,33,prod_athletic_shoes_1.jpeg
"Men's Lightweight Casual Sports Sneakers",footwear,athletic,"Highly rated item designed for versatility and effortless comfort.",14822,42,prod_athletic_shoes_2.jpeg
"Mens Sports Shoes New Mens",footwear,athletic,"Sleek design suitable for everyday wear and special occasions.",10592,21,prod_athletic_shoes_3.jpeg
"Shoes",footwear,athletic,"Durable material with an elegant finish to complement your wardrobe.",2458,47,prod_athletic_shoes_4.jpeg
"Stylish Men Shoes Collection Menshoes",footwear,athletic,"Durable material with an elegant finish to complement your wardrobe.",9589,12,prod_athletic_shoes_5.jpeg
"23 Valentine's Day Gift Ideas",accessories,bags,"Premium quality crafted with comfort and modern style in mind.",6610,15,prod_bags_6.jpeg
"637681628497402816",accessories,bags,"Sleek design suitable for everyday wear and special occasions.",14591,13,prod_bags_7.jpeg
"Flexible And Useful",accessories,bags,"Highly rated item designed for versatility and effortless comfort.",7927,8,prod_bags_8.jpeg
"Packing Light And Making The",accessories,bags,"Highly rated item designed for versatility and effortless comfort.",11309,37,prod_bags_9.jpeg
"Download",accessories,belts,"Highly rated item designed for versatility and effortless comfort.",13090,12,prod_belts_10.jpeg
"Feflo Belts For Men Leather",accessories,belts,"Highly rated item designed for versatility and effortless comfort.",4860,48,prod_belts_11.jpeg
"Kesari Men's Pu Leather Belt",accessories,belts,"Sleek design suitable for everyday wear and special occasions.",3694,24,prod_belts_12.jpeg
"Vibrant Brown Pin Buckle Belt",accessories,belts,"Highly rated item designed for versatility and effortless comfort.",6163,47,prod_belts_13.jpeg
"Xianguo Cinturón Para Hombre",accessories,belts,"Premium quality crafted with comfort and modern style in mind.",12102,37,prod_belts_14.jpeg
"892627588651456582",footwear,boots,"Durable material with an elegant finish to complement your wardrobe.",7323,23,prod_boots_15.jpeg
"997828861189365092",footwear,boots,"Premium quality crafted with comfort and modern style in mind.",8599,17,prod_boots_16.jpeg
"Ctgl6789 Hand Stitched Martin Boots",footwear,boots,"Highly rated item designed for versatility and effortless comfort.",3058,9,prod_boots_17.jpeg
"Ctgl6789 Hand Stitched Martin Boots",footwear,boots,"Sleek design suitable for everyday wear and special occasions.",10261,9,prod_boots_18.jpeg
"Winter New Genuine Leather Men's",footwear,boots,"Durable material with an elegant finish to complement your wardrobe.",2531,12,prod_boots_19.jpeg
"'47 New York Yankees Two",accessories,belts,"Highly rated item designed for versatility and effortless comfort.",2009,37,prod_caps_20.jpeg
"'47 New York Yankees Two",accessories,belts,"Sleek design suitable for everyday wear and special occasions.",7376,19,prod_caps_21.jpeg
"384213411973220820",accessories,belts,"Premium quality crafted with comfort and modern style in mind.",8823,27,prod_caps_22.jpeg
"888898045202823812",accessories,belts,"Premium quality crafted with comfort and modern style in mind.",8625,15,prod_caps_23.jpeg
"Cute Casual Fall Outfit Ideas",accessories,belts,"Sleek design suitable for everyday wear and special occasions.",8426,12,prod_caps_24.jpeg
"Good Nutrition Your Road To",accessories,belts,"Highly rated item designed for versatility and effortless comfort.",2017,41,prod_caps_25.jpeg
"1134907174826045483",footwear,casual,"Highly rated item designed for versatility and effortless comfort.",7269,30,prod_casual_26.jpeg
"962925964056990879",footwear,casual,"Highly rated item designed for versatility and effortless comfort.",8067,48,prod_casual_27.jpeg
"Kit Tênis Casual Jogger Masculino",footwear,casual,"Highly rated item designed for versatility and effortless comfort.",11786,49,prod_casual_28.jpeg
"Step Up Your Style Game",footwear,casual,"Durable material with an elegant finish to complement your wardrobe.",10787,13,prod_casual_29.jpeg
"1104367139889125636",men,tops,"Durable material with an elegant finish to complement your wardrobe.",5070,30,prod_formal_shirts_men_30.jpeg
"859765385160321398",men,tops,"Sleek design suitable for everyday wear and special occasions.",2496,28,prod_formal_shirts_men_31.jpeg
"969048044843254524",men,tops,"Highly rated item designed for versatility and effortless comfort.",6429,45,prod_formal_shirts_men_32.jpeg
"Alimens & Gentle Menshirts Alimens…",men,tops,"Durable material with an elegant finish to complement your wardrobe.",7480,28,prod_formal_shirts_men_33.jpeg
"Boys Formal Outfits",men,tops,"Durable material with an elegant finish to complement your wardrobe.",7578,18,prod_formal_shirts_men_34.jpeg
"Formal Shirt",men,tops,"Sleek design suitable for everyday wear and special occasions.",9389,22,prod_formal_shirts_men_35.jpeg
"J Ver Men's Dress Shirts",men,tops,"Durable material with an elegant finish to complement your wardrobe.",10226,9,prod_formal_shirts_men_36.jpeg
"J Ver Men's Dress Shirts",men,tops,"Durable material with an elegant finish to complement your wardrobe.",5948,45,prod_formal_shirts_men_37.jpeg
"Parklees Men's Long Sleeve Dress",men,tops,"Durable material with an elegant finish to complement your wardrobe.",2002,22,prod_formal_shirts_men_38.jpeg
"Shirt",men,tops,"Durable material with an elegant finish to complement your wardrobe.",2086,49,prod_formal_shirts_men_39.jpeg
"558024210101086668",women,dresses,"Highly rated item designed for versatility and effortless comfort.",6394,46,prod_frock_40.jpeg
"675962225356890866",women,dresses,"Sleek design suitable for everyday wear and special occasions.",8942,25,prod_frock_41.jpeg
"959407526890416332",women,dresses,"Sleek design suitable for everyday wear and special occasions.",11985,27,prod_frock_42.jpeg
"Fashion Printed Maxi Dress For",women,dresses,"Sleek design suitable for everyday wear and special occasions.",1811,21,prod_frock_43.jpeg
"Minimal Classic Church Outfit Ideas",women,dresses,"Premium quality crafted with comfort and modern style in mind.",2588,30,prod_frock_44.jpeg
"536069161914066750",accessories,jewelry,"Durable material with an elegant finish to complement your wardrobe.",2260,7,prod_jewellery_45.jpeg
"Download",accessories,jewelry,"Durable material with an elegant finish to complement your wardrobe.",9139,17,prod_jewellery_46.jpeg
"Kanakratna Gems Imitation Jewellery Home",accessories,jewelry,"Sleek design suitable for everyday wear and special occasions.",12987,16,prod_jewellery_47.jpeg
"Luxury Double Circle Heart Pendant",accessories,jewelry,"Sleek design suitable for everyday wear and special occasions.",13973,49,prod_jewellery_48.jpeg
"Minimal Gold Heart Necklace",accessories,jewelry,"Highly rated item designed for versatility and effortless comfort.",13160,36,prod_jewellery_49.jpeg
"916412224189012388",kids,clothing,"Durable material with an elegant finish to complement your wardrobe.",4557,33,prod_kids_wear_50.jpeg
"Adorable Dinosaur Outfit For Little",kids,clothing,"Highly rated item designed for versatility and effortless comfort.",8405,24,prod_kids_wear_51.jpeg
"Baby Boy Dress 1 Year",kids,clothing,"Sleek design suitable for everyday wear and special occasions.",4702,26,prod_kids_wear_52.jpeg
"Baby Boy New Arrival Casual",kids,clothing,"Premium quality crafted with comfort and modern style in mind.",6490,41,prod_kids_wear_53.jpeg
"Baby Dress",kids,clothing,"Sleek design suitable for everyday wear and special occasions.",4821,28,prod_kids_wear_54.jpeg
"Safari Pentagon Pro 8 Wheels",accessories,bags,"Sleek design suitable for everyday wear and special occasions.",9449,11,prod_luggage_55.jpeg
"Safari Pentagon Pro 8 Wheels",accessories,bags,"Sleek design suitable for everyday wear and special occasions.",11819,35,prod_luggage_56.jpeg
"Safari Pentagon Pro 8 Wheels",accessories,bags,"Durable material with an elegant finish to complement your wardrobe.",8116,43,prod_luggage_57.jpeg
"Safari Pentagon Pro 8 Wheels",accessories,bags,"Highly rated item designed for versatility and effortless comfort.",7371,23,prod_luggage_58.jpeg
"Travel Bags",accessories,bags,"Highly rated item designed for versatility and effortless comfort.",5522,45,prod_luggage_59.jpeg
"Trolley Bags",accessories,bags,"Durable material with an elegant finish to complement your wardrobe.",11562,37,prod_luggage_60.jpeg
"463237511660231520",footwear,sandals,"Sleek design suitable for everyday wear and special occasions.",12942,46,prod_sandles_61.jpeg
"505388389494015249",footwear,sandals,"Premium quality crafted with comfort and modern style in mind.",7408,18,prod_sandles_62.jpeg
"Mes Sandals",footwear,sandals,"Sleek design suitable for everyday wear and special occasions.",4073,17,prod_sandles_63.jpeg
"Premium Handmade Men's Cross Strap",footwear,sandals,"Highly rated item designed for versatility and effortless comfort.",12470,47,prod_sandles_64.jpeg
"Realistic 3d Floating Sandals Mockup",footwear,sandals,"Premium quality crafted with comfort and modern style in mind.",11860,27,prod_sandles_65.jpeg
"1114852082787434410",women,dresses,"Premium quality crafted with comfort and modern style in mind.",11832,38,prod_saree_66.jpeg
"998391811162296501",women,dresses,"Sleek design suitable for everyday wear and special occasions.",11980,8,prod_saree_67.jpeg
"998391811162428511",women,dresses,"Sleek design suitable for everyday wear and special occasions.",4561,37,prod_saree_68.jpeg
"Do You Like This Saree",women,dresses,"Sleek design suitable for everyday wear and special occasions.",11505,48,prod_saree_69.jpeg
"Indain Saree Click On Tiktok",women,dresses,"Sleek design suitable for everyday wear and special occasions.",6065,7,prod_saree_70.jpeg
"Sage & Cream Ombré Dream",women,dresses,"Highly rated item designed for versatility and effortless comfort.",3003,43,prod_saree_71.jpeg
"So Beautiful Just Look Like",women,dresses,"Highly rated item designed for versatility and effortless comfort.",7505,26,prod_saree_72.jpeg
"900790362939094868",men,tops,"Premium quality crafted with comfort and modern style in mind.",9947,31,prod_shirts_73.jpeg
"Affordable Men's Plaid Shirt Trending",men,tops,"Highly rated item designed for versatility and effortless comfort.",14453,5,prod_shirts_74.jpeg
"Cahoot Men's Blue & Beige",men,tops,"Highly rated item designed for versatility and effortless comfort.",1631,39,prod_shirts_75.jpeg
"Check Shirts",men,tops,"Sleek design suitable for everyday wear and special occasions.",10997,46,prod_shirts_76.jpeg
"Comment Link I Will Send",men,tops,"Durable material with an elegant finish to complement your wardrobe.",14504,42,prod_shirts_77.jpeg
"Men’s Beige Plaid Casual Shirt",men,tops,"Durable material with an elegant finish to complement your wardrobe.",9981,15,prod_shirts_78.jpeg
"Men’s Rust Orange Plaid Shirt",men,tops,"Durable material with an elegant finish to complement your wardrobe.",12848,23,prod_shirts_79.jpeg
"Outfit Link 🔗 ⬇️⬇️",men,tops,"Premium quality crafted with comfort and modern style in mind.",6491,45,prod_shirts_80.jpeg
"Sky Blue Checked Shirt Outfit",men,tops,"Durable material with an elegant finish to complement your wardrobe.",13591,22,prod_shirts_81.jpeg
"Special Price ₹924 The Bear",men,tops,"Sleek design suitable for everyday wear and special occasions.",4244,16,prod_shirts_82.jpeg
"Teal Checkered Oversized Shirt Outfit",men,tops,"Premium quality crafted with comfort and modern style in mind.",5802,26,prod_shirts_83.jpeg
"✨ Here&now Men's Slim Fit",men,tops,"Premium quality crafted with comfort and modern style in mind.",13547,43,prod_shirts_84.jpeg
"🔥 Special Price ₹452 💚",men,tops,"Premium quality crafted with comfort and modern style in mind.",13484,22,prod_shirts_85.jpeg
"🔥 Special Price ₹735 Here&now",men,tops,"Highly rated item designed for versatility and effortless comfort.",7204,12,prod_shirts_86.jpeg
"1048635094501488312",men,tops,"Durable material with an elegant finish to complement your wardrobe.",2427,26,prod_t_shirt_87.jpeg
"1141592205571473213",men,tops,"Sleek design suitable for everyday wear and special occasions.",1918,21,prod_t_shirt_88.jpeg
"823173638183809017",men,tops,"Premium quality crafted with comfort and modern style in mind.",6045,39,prod_t_shirt_89.jpeg
"903182900320720034",men,tops,"Sleek design suitable for everyday wear and special occasions.",6503,32,prod_t_shirt_90.jpeg
"951244752562794066",men,tops,"Sleek design suitable for everyday wear and special occasions.",13179,15,prod_t_shirt_91.jpeg
"Beige Polo Shirt For Old",men,tops,"Premium quality crafted with comfort and modern style in mind.",7791,14,prod_t_shirt_92.jpeg
"Men's Casual Short Sleeve Polo",men,tops,"Premium quality crafted with comfort and modern style in mind.",13056,11,prod_t_shirt_93.jpeg
"Men's Retro Business Design Printed",men,tops,"Durable material with an elegant finish to complement your wardrobe.",12045,14,prod_t_shirt_94.jpeg
"New Collection Online Shein Australia",men,tops,"Durable material with an elegant finish to complement your wardrobe.",3283,41,prod_t_shirt_95.jpeg
"Premium Teal Ribbed Zip Polo",men,tops,"Durable material with an elegant finish to complement your wardrobe.",12131,14,prod_t_shirt_96.jpeg
"White Polo Shirt",men,tops,"Durable material with an elegant finish to complement your wardrobe.",7986,21,prod_t_shirt_97.jpeg
"Wonbin 원빈 Riize 라이즈 Smtown",kids,clothing,"Durable material with an elegant finish to complement your wardrobe.",9162,16,prod_toys_98.jpeg
"Adorable Strawberry Bunny Plushie Reversible",kids,clothing,"Premium quality crafted with comfort and modern style in mind.",9732,12,prod_toys_99.jpeg
"Reversible Octopus Plushie",kids,clothing,"Durable material with an elegant finish to complement your wardrobe.",12326,26,prod_toys_100.jpeg
"Soft & Cuddly Baby Blue",kids,clothing,"Durable material with an elegant finish to complement your wardrobe.",13884,6,prod_toys_101.jpeg
"Stich",kids,clothing,"Sleek design suitable for everyday wear and special occasions.",3607,29,prod_toys_102.jpeg
"This Plush Pillow = Instant",kids,clothing,"Durable material with an elegant finish to complement your wardrobe.",8687,36,prod_toys_103.jpeg
"Best Affordable Watches For Men",accessories,watches,"Highly rated item designed for versatility and effortless comfort.",3388,48,prod_watch_104.jpeg
"Smart Watch",accessories,watches,"Premium quality crafted with comfort and modern style in mind.",12177,30,prod_watch_105.jpeg
"Stylish Watch ⌚",accessories,watches,"Highly rated item designed for versatility and effortless comfort.",2879,27,prod_watch_106.jpeg
"Watch Mens Fashion Wear",accessories,watches,"Durable material with an elegant finish to complement your wardrobe.",14004,38,prod_watch_107.jpeg
"Yeni G Sport Polo Erkek",accessories,watches,"Sleek design suitable for everyday wear and special occasions.",6709,30,prod_watch_108.jpeg